case_id,x_mm,ideal_normalised_intensity,nominal_normalised_intensity,absolute_difference
B0,-0.17822265625,0.013981489053578551,0.01404951354019422,6.80244866156695e-05
B0,-0.17333984375,0.03157291625958111,0.03170258465066066,0.00012966839107955014
B0,-0.16845703125000003,0.03942763349303775,0.039473872141889625,4.6238648851872066e-05
B0,-0.16357421875,0.03061119252807054,0.03046810135769419,0.00014309117037634989
B0,-0.15869140625,0.012277370030151375,0.012066890000615463,0.00021048002953591265
B0,-0.15380859375,0.00037276148845919707,0.0003276093241704081,4.515216428878897e-05
B0,-0.14892578125,0.006382694559971484,0.006544030381502327,0.00016133582153084365
B0,-0.14404296875,0.02705208148960995,0.02720739484548424,0.0001553133558742925
B0,-0.13916015625000003,0.04616841492680818,0.04612207626386812,4.633866294005695e-05
B0,-0.13427734375,0.047705458420261596,0.047500694363444285,0.0002047640568173109
B0,-0.12939453125,0.02977073492159966,0.029587584208209998,0.0001831507133896633
B0,-0.12451171875,0.007343793089615308,0.007275514713921652,6.827837569365561e-05
B0,-0.11962890625,0.0005838748695206885,0.0005973093611039252,1.3434491583236676e-05
B0,-0.11474609375000001,0.017704557444479352,0.01774723490947595,4.2677464996598163e-05
B0,-0.10986328125,0.04681051445498203,0.04685199986360555,4.148540862352473e-05
B0,-0.10498046875,0.06452148992736315,0.0645235422294684,2.0523021052598622e-06
B0,-0.10009765625000001,0.05537294256647285,0.05531907035119352,5.38722152793325e-05
B0,-0.09521484375,0.026146173528328945,0.026090073170418508,5.61003579104373e-05
B0,-0.09033203125,0.002207692924650327,0.0022007472738396054,6.945650810721675e-06
B0,-0.08544921875000001,0.007247779332743453,0.007223055753427452,2.4723579316000485e-05
B0,-0.08056640625,0.042288448787639425,0.04212533047994169,0.00016311830769773217
B0,-0.07568359375,0.08211134651853783,0.08184120413693464,0.0002701423816031806
B0,-0.07080078125,0.09420643237928622,0.09403345775994025,0.0001729746193459697
B0,-0.06591796875,0.0665325581726283,0.06657280359776592,4.0245425137613866e-05
B0,-0.06103515625,0.021164056839158427,0.021272820845625356,0.00010876400646692846
B0,-0.05615234375,0.00010268462786688443,9.504370897266582e-05,7.640918894218611e-06
B0,-0.05126953125,0.03150339187029143,0.03147296463566213,3.0427234629294697e-05
B0,-0.04638671875,0.10240272203493526,0.10263046457733516,0.0002277425423998919
B0,-0.04150390625,0.16241585636880423,0.162955809969123,0.0005399536003187766
B0,-0.03662109375,0.16074390097400706,0.16129853238547004,0.0005546314114629747
B0,-0.03173828125,0.0917352897741863,0.09201954777154607,0.0002842579973597742
B0,-0.02685546875,0.013358870388363423,0.013405748581966935,4.687819360351189e-05
B0,-0.02197265625,0.018791348742287727,0.018769047407229386,2.230133505834106e-05
B0,-0.01708984375,0.1745637007116287,0.17446883141602462,9.486929560406643e-05
B0,-0.01220703125,0.4657252797886457,0.46547077361443145,0.0002545061742142418
B0,-0.00732421875,0.788325430524429,0.7880156391082274,0.00030979141620168793
B0,-0.00244140625,1.0,0.9998493691635755,0.00015063083642452568
B0,0.00244140625,1.0,1.0,0.0
B0,0.00732421875,0.788325430524429,0.788253094955436,7.233556899299831e-05
B0,0.01220703125,0.46572527978864536,0.4655182030982259,0.00020707669041947208
B0,0.01708984375,0.17456370071162866,0.1744230479734509,0.00014065273817776003
B0,0.02197265625,0.018791348742287713,0.018802548084498674,1.1199342210960889e-05
B0,0.02685546875,0.013358870388363423,0.013257727005186515,0.00010114338317690832
B0,0.03173828125,0.0917352897741863,0.0912614206390784,0.00047386913510789885
B0,0.03662109375,0.16074390097400706,0.1600723312922144,0.0006715696817926609
B0,0.04150390625,0.16241585636880423,0.1619896685313453,0.0004261878374589301
B0,0.04638671875,0.1024027220349353,0.10238849943629319,1.422259864211628e-05
B0,0.05126953125,0.031503391870291414,0.031641649171055115,0.0001382573007637014
B0,0.05615234375,0.00010268462786688425,0.00011270908137999292,1.002445351310867e-05
B0,0.06103515625,0.021164056839158438,0.021083779954532686,8.027688462575178e-05
B0,0.06591796875,0.0665325581726283,0.06656700872794968,3.445055532137753e-05
B0,0.07080078125,0.09420643237928622,0.09440222227716971,0.00019578989788349155
B0,0.07568359375,0.08211134651853783,0.0823278445928225,0.00021649807428467116
B0,0.08056640625,0.042288448787639425,0.042410539699850765,0.0001220909122113395
B0,0.08544921875000001,0.007247779332743451,0.007281756170225134,3.397683748168276e-05
B0,0.09033203125,0.0022076929246503275,0.0021962065810757912,1.148634357453623e-05
B0,0.09521484375,0.026146173528328945,0.026123290349163036,2.2883179165909123e-05
B0,0.10009765625000001,0.05537294256647285,0.05540606052608283,3.311795960998093e-05
B0,0.10498046875,0.06452148992736317,0.06466914614676511,0.00014765621940193707
B0,0.10986328125,0.04681051445498203,0.047007470358360566,0.0001969559033785373
B0,0.11474609375000001,0.01770455744447936,0.017808259870773245,0.00010370242629388626
B0,0.11962890625,0.0005838748695206896,0.0005862030883485383,2.328218827848754e-06
B0,0.12451171875,0.007343793089615311,0.007417023593506106,7.323050389079506e-05
B0,0.12939453125,0.02977073492159966,0.03002057345549144,0.00024983853389178023
B0,0.13427734375,0.047705458420261596,0.04798825269330848,0.0002827942730468866
B0,0.13916015625000003,0.04616841492680818,0.0462715833369727,0.00010316841016452111
B0,0.14404296875,0.02705208148960995,0.026975643125454564,7.643836415538452e-05
B0,0.14892578125,0.006382694559971486,0.006305418761681857,7.727579828962963e-05
B0,0.15380859375,0.00037276148845919604,0.0003895237333363079,1.6762244877111833e-05
B0,0.15869140625,0.012277370030151372,0.012317908908776275,4.053887862490342e-05
B0,0.16357421875,0.03061119252807054,0.030603786642073808,7.405885996732836e-06
B0,0.16845703125000003,0.03942763349303775,0.03939647743984163,3.115605319612552e-05
B0,0.17333984375,0.03157291625958112,0.03155242910986777,2.0487149713352415e-05
B0,0.17822265625,0.01398148905357856,0.013959865965243397,2.162308833516223e-05
V1,-0.17822265625,0.06817052408064084,0.06885105874275622,0.0006805346621153868
V1,-0.17333984375,0.02151122335979785,0.02204423494987736,0.0005330115900795095
V1,-0.16845703125000003,2.7179639870525155e-05,8.738098851008472e-06,1.8441541019516684e-05
V1,-0.16357421875,0.025354318269264285,0.02457123116806952,0.0007830871011947661
V1,-0.15869140625,0.08009024498463303,0.07906407902529362,0.001026165959339409
V1,-0.15380859375,0.1203524553840867,0.12008448105134335,0.0002679743327433509
V1,-0.14892578125,0.11195872616675916,0.11292671062113706,0.0009679844543779015
V1,-0.14404296875,0.06062286647754083,0.0621774112638525,0.0015545447863116665
V1,-0.13916015625000003,0.009797092911429633,0.010668717590735908,0.0008716246793062741
V1,-0.13427734375,0.005804421968154953,0.005160167666503846,0.0006442543016511064
V1,-0.12939453125,0.05798021081866395,0.0560819263307006,0.0018982844879633504
V1,-0.12451171875,0.12779757478371687,0.12589868394599296,0.0018988908377239044
V1,-0.11962890625,0.1584921229090704,0.15806042774276732,0.00043169516630306437
V1,-0.11474609375000001,0.12276214584920798,0.12429788233167277,0.0015357364824647862
V1,-0.10986328125,0.048925496540241906,0.05116030057942623,0.0022348040391843224
V1,-0.10498046875,0.001292050709515506,0.0018652546793854119,0.000573203969869906
V1,-0.10009765625000001,0.02774621406160533,0.02533779770263729,0.0024084163589680394
V1,-0.09521484375,0.11670002747430862,0.11269468392572925,0.004005343548579371
V1,-0.09033203125,0.20127690304572343,0.19888575237216793,0.0023911506735554977
V1,-0.08544921875000001,0.21164121070465433,0.21293603788368615,0.0012948271790318155
V1,-0.08056640625,0.13533856306055542,0.13914388529710348,0.003805322236548059
V1,-0.07568359375,0.03479335644439638,0.03766510140190093,0.0028717449575045503
V1,-0.07080078125,0.0024360661631681086,0.0017311283780129445,0.0007049377851551641
V1,-0.06591796875,0.08472397888257942,0.08079587760033204,0.0039281012822473815
V1,-0.06103515625,0.23594612000159068,0.23171376211245606,0.004232357889134619
V1,-0.05615234375,0.3445746550698111,0.3431753751069429,0.001399279962868205
V1,-0.05126953125,0.31935709947313207,0.3217570116006762,0.002399912127544146
V1,-0.04638671875,0.1713065532408059,0.17543101953408513,0.0041244662932792275
V1,-0.04150390625,0.023429080831832677,0.025533708527125637,0.00210462769529296
V1,-0.03662109375,0.03047197532545544,0.02809350147516818,0.0023784738502872597
V1,-0.03173828125,0.2607994198747672,0.254956922140298,0.005842497734469154
V1,-0.02685546875,0.6280843560434697,0.6224227764150861,0.0056615796283835396
V1,-0.02197265625,0.9311546703624652,0.9285834967717991,0.002571173590666165
V1,-0.01708984375,0.9836018623745092,0.9839010556650287,0.00029919329051952825
V1,-0.01220703125,0.7458394298976466,0.7467234362305052,0.0008840063328585668
V1,-0.00732421875,0.3639502654548633,0.3639804076534244,3.0142198561067257e-05
V1,-0.00244140625,0.08169838518920493,0.08145688627148769,0.0002414989177172422
V1,0.00244140625,0.0816983851892049,0.082255766600402,0.0005573814111970998
V1,0.00732421875,0.3639518154730464,0.36503823952391773,0.0010864240508713374
V1,0.01220703125,0.7458445087291555,0.7458861108652243,4.16021360687413e-05
V1,0.01708984375,0.9836092977771839,0.9811092685525895,0.002500029224594358
V1,0.02197265625,0.9311613199848107,0.9258381721242127,0.005323147860597954
V1,0.02685546875,0.628088663001621,0.6212527656659451,0.006835897335675911
V1,0.03173828125,0.2608018398206175,0.2550361843267799,0.005765655493837618
V1,0.03662109375,0.030472859275405693,0.028296592772800073,0.00217626650260562
V1,0.04150390625,0.023428200418795744,0.02527134791669955,0.0018431474979038048
V1,0.04638671875,0.1713043264172234,0.17466241758484116,0.0033580911676177605
V1,0.05126953125,0.31935461367845064,0.32058802131990244,0.0012334076414518003
V1,0.05615234375,0.34457254632419465,0.3419934678773528,0.0025790784468418537
V1,0.06103515625,0.23594446436011374,0.2311398492958589,0.004804615064254836
V1,0.06591796875,0.0847229798731211,0.08092811042980484,0.003794869443316251
V1,0.07080078125,0.002435933631405683,0.001820647642052362,0.000615285989353321
V1,0.07568359375,0.0347937875482882,0.03710505639415718,0.0023112688458689842
V1,0.08056640625,0.13533904397706098,0.1384844922731182,0.0031454482960572294
V1,0.08544921875000001,0.2116415651313339,0.21325195281263268,0.001610387681298786
V1,0.09033203125,0.2012771251665097,0.20024058884519447,0.001036536321315229
V1,0.09521484375,0.11670000937590207,0.11396362045663382,0.002736388919268251
V1,0.10009765625000001,0.02774602740359933,0.025715696974643626,0.0020303304289557046
V1,0.10498046875,0.001292097402987854,0.0018752535003803527,0.0005831560973924986
V1,0.10986328125,0.048926095490301275,0.05175533708609225,0.0028292415957909753
V1,0.11474609375000001,0.12276328783094612,0.12548001036107906,0.0027167225301329423
V1,0.11962890625,0.15849368603008515,0.15898500499662852,0.0004913189665433637
V1,0.12451171875,0.12779935452020552,0.12607493186565538,0.0017244226545501395
V1,0.12939453125,0.05798170301373643,0.055846901571045965,0.0021348014426904663
V1,0.13427734375,0.005804982218043874,0.005039292844550014,0.0007656893734938599
V1,0.13916015625000003,0.009796362267803872,0.010843437560774162,0.0010470752929702901
V1,0.14404296875,0.060620845824327196,0.06262868060301224,0.002007834778685047
V1,0.14892578125,0.11195564373084388,0.1135716758419794,0.0016160321111355208
V1,0.15380859375,0.12034886601350281,0.12062552369967305,0.0002766576861702452
V1,0.15869140625,0.08008706059177365,0.07916210779456703,0.0009249527972066129
V1,0.16357421875,0.025352431075652958,0.02435739401438589,0.0009950370612670685
V1,0.16845703125000003,2.710545212960474e-05,8.893667987473247e-06,1.8211784142131495e-05
V1,0.17333984375,0.021513093810823083,0.022383153607929515,0.0008700597971064324
V1,0.17822265625,0.06817407978380109,0.06896125274240338,0.0007871729586022835
V3,-0.17822265625,0.16251222677726587,0.16023625320302515,0.002275973574240725
V3,-0.17333984375,0.08295165327967143,0.07814129262998105,0.004810360649690371
V3,-0.16845703125000003,0.0112550397001602,0.00867928371754988,0.0025757559826103203
V3,-0.16357421875,0.011016477135885524,0.0143892647711978,0.003372787635312277
V3,-0.15869140625,0.08978394577299642,0.0981820011188383,0.008398055345841884
V3,-0.15380859375,0.18941739166740051,0.19726229398117193,0.007844902313771412
V3,-0.14892578125,0.2307642489929055,0.23192193244511228,0.0011576834522067647
V3,-0.14404296875,0.1784723966352049,0.1717519251091841,0.006720471526020788
V3,-0.13916015625000003,0.07324589869184642,0.06453949994206648,0.008706398749779937
V3,-0.13427734375,0.0029764673693722017,0.0010903184619459256,0.001886148907426276
V3,-0.12939453125,0.0330558550450747,0.04193504172736073,0.00887918668228603
V3,-0.12451171875,0.15083723253831416,0.16525217230558617,0.014414939767272011
V3,-0.11962890625,0.2706501740516765,0.27999002011459656,0.009339846062920043
V3,-0.11474609375000001,0.29891678884279455,0.2961269523277623,0.002789836515032229
V3,-0.10986328125,0.21004407360610128,0.19778672451005258,0.012257349096048697
V3,-0.10498046875,0.07235455174465996,0.061135192734693006,0.011219359009966956
V3,-0.10009765625000001,0.00020176426871549677,0.0002620227927378846,6.025852402238784e-05
V3,-0.09521484375,0.06606899947258325,0.07953456346515352,0.013465563992570262
V3,-0.09033203125,0.2398518358281967,0.25886925139127764,0.019017415563080953
V3,-0.08544921875000001,0.4044721678172283,0.41662808195966605,0.012155914142437774
V3,-0.08056640625,0.4399253132068809,0.43730846557868663,0.002616847628194252
V3,-0.07568359375,0.31500828418675975,0.30048703947412875,0.014521244712630998
V3,-0.07080078125,0.11809160390888794,0.10377307888363015,0.014318525025257794
V3,-0.06591796875,0.002054397292156072,0.0005238816027714828,0.001530515689384589
V3,-0.06103515625,0.0811472623305515,0.09613316137222574,0.014985899041674244
V3,-0.05615234375,0.3522018716057987,0.37613088460866356,0.023929013002864874
V3,-0.05126953125,0.6941684956705139,0.7141951540332643,0.020026658362750416
V3,-0.04638671875,0.9435282489855396,0.9504702648695998,0.006942015884060293
V3,-0.04150390625,0.9912959679231579,0.9843882762443887,0.006907691678769146
V3,-0.03662109375,0.837162157703331,0.8223295745500068,0.014832583153324252
V3,-0.03173828125,0.5719044517491388,0.5566467781771881,0.015257673571950736
V3,-0.02685546875,0.3106759816823307,0.2998590638273816,0.010816917854949093
V3,-0.02197265625,0.12842507005472814,0.12300698878371405,0.005418081271014091
V3,-0.01708984375,0.03699632096826067,0.03526987316951638,0.001726447798744292
V3,-0.01220703125,0.006203309212132769,0.005969193429803056,0.00023411578232971318
V3,-0.00732421875,0.0003970843735482907,0.00041189855919995344,1.4814185651662755e-05
V3,-0.00244140625,3.365249101617916e-06,2.3056250984201955e-06,1.0596240031977207e-06
V3,0.00244140625,3.3652491016180517e-06,9.072613743619644e-06,5.7073646420015925e-06
V3,0.00732421875,0.0003948877420702148,0.00035090355157696326,4.398419049325155e-05
V3,0.01220703125,0.0061993355044889994,0.005874176058490935,0.0003251594459980642
V3,0.01708984375,0.036993424860161744,0.03550352491373132,0.001489899946430423
V3,0.02197265625,0.1284129184429872,0.12380927665479971,0.004603641788187479
V3,0.02685546875,0.3106375659883863,0.3009489547668989,0.009688611221487398
V3,0.03173828125,0.5718455435356111,0.5576354965668535,0.014210046968757606
V3,0.03662109375,0.837108475860887,0.8232393254058227,0.013869150455064316
V3,0.04150390625,0.9912553747381002,0.985347524519893,0.005907850218207167
V3,0.04638671875,0.9434844786984363,0.9512139338700881,0.0077294551716518
V3,0.05126953125,0.6941170128080848,0.7144332590583491,0.02031624625026429
V3,0.05615234375,0.35216148574122613,0.3761673806171909,0.024005894875964773
V3,0.06103515625,0.08113091399971005,0.09638203457799553,0.015251120578285482
V3,0.06591796875,0.0020564795193796863,0.00047632662700811454,0.0015801528923715719
V3,0.07080078125,0.11810743130740504,0.10235975616348131,0.015747675143923737
V3,0.07568359375,0.31503988529805843,0.29781000451343476,0.017229880784623675
V3,0.08056640625,0.4399656811372148,0.43518514261429114,0.00478053852292365
V3,0.08544921875000001,0.4045060834736899,0.4166709310170172,0.012164847543327306
V3,0.09033203125,0.23987294461193576,0.2604997276436566,0.02062678303172083
V3,0.09521484375,0.06607970734835523,0.08077756323337855,0.014697855885023314
V3,0.10009765625000001,0.00020099782771787085,0.00031521844411034103,0.00011422061639247019
V3,0.10498046875,0.07234062366016308,0.061156565087428026,0.011184058572735057
V3,0.10986328125,0.21002335668478125,0.1989641919369344,0.01105916474784685
V3,0.11474609375000001,0.29889729164094964,0.2979632674160256,0.0009340242249240571
V3,0.11962890625,0.27063324653821474,0.28112038548036694,0.010487138942152197
V3,0.12451171875,0.15082329222010243,0.1652709429347783,0.014447650714675853
V3,0.12939453125,0.033049162834977025,0.04161054474682068,0.008561381911843656
V3,0.13427734375,0.0029783233692399305,0.0011637611149551042,0.0018145622542848263
V3,0.13916015625000003,0.0732519386570441,0.06513375191547882,0.00811818674156528
V3,0.14404296875,0.178479725856932,0.17276452224006525,0.005715203616866754
V3,0.14892578125,0.23077299754917469,0.2331590507590927,0.0023860532099180265
V3,0.15380859375,0.18942518033287262,0.198191880932383,0.008766700599510374
V3,0.15869140625,0.08978726516094833,0.0983461601976617,0.008558895036713365
V3,0.16357421875,0.011016482477266049,0.014181873557009396,0.0031653910797433474
V3,0.16845703125000003,0.011255279204339191,0.008979967542414563,0.0022753116619246283
V3,0.17333984375,0.08295290397521143,0.07898526009410797,0.003967643881103461
V3,0.17822265625,0.1625145885305532,0.16060035434865502,0.0019142341818981778
